SET FOREIGN_KEY_CHECKS=0;
delete from products;
delete from recipe_steps;
delete from Users;
delete from recipes;
delete from step_ingredients;
delete from units;

Insert into Users(id, login) values (1, "DummyUser");


Insert into recipe_steps(id, recipe_id, name, description, step_order_no)
values (1	,1	,"Ciasto","Składniki zmiksować, piec 50 min. w ok 200 st.C.",1),
(2	,1	,"Krem","Szklankę mleka zagotować z cukrem, drugą wymieszać z żółktiem, mąką i cukrem. Zalać i zagotować.",2),
(4	,2	,"Biszkopt","Piec około 35 min. w 180 st. C.",1),
(5	,2	,"Masa","Mleko z cukrem i mąką ugotować jak budyń, utrzeć masę z margaryną.",2),
(6	,2	,"Jabłka","Utrzeć i zalać galaretkami - rozprowadzić",3),
(7	,2	,"Na wierzch","Usmażyć na złoty kolor i gorące wylać na masę.",4),
(8	,3	,"Ciasto","Ubić na sztywno białka. Pod koniec ubijania dodać cukier. Następnie dobrze wymieszać z żółtkami, mąką i proszkiem do pieczenia i kako. Piec 15min. w średnio nagrzanym piekarniku.",1),
(9	,3	,"Masa","Przygotować galaretkę.\r\n\r\nWiórki gotować w mleku, mieszając aż powstanie gęsta masa. Wystudzić.\r\nUtrzeć masło z cukrem, dodać. Następnie dodać pianę z ubitych białek; wymieszać.\r\nPrzełożyć ciasto. Polać galaretką. Na wierzch dać herbatniki i posmarować polewą. Odstawić ciasto na 2-3 godziny do lodówki.\r\n",2),
(11	,4	," "	," "	,1),
(10	,4	,"Ciasto","Zagniatamy składniki. Wałkujemy i robimy parami ciasteczka. Wszystkie dajemy na foremke i pieczemy.",2),
(12	,4	,"Lukier","Zmiksować.",3),
(14	,5	,"Krem","Na małym ogniu stawiamy garnuszek z mlekiem, do którego nasypaliśmy cukier. Płyn musi się gotować długi czas. Pilnować, mieszając od czasu do czasu drewnianą łyżką. Po ok. 30 minutach powinien stać się niemal przeźroczysty. Spuszczony kropelką na spodek powinien zastygać w kształcie kulistym na powierzchni szkła.\r\n\r\nDo miski wkładamy wyłuskane orzechy, zalewamy wrzącym lukrem. Na to kładziemy masło w kawałkach i całość ucieramy do spoistej masy.",1),
(16	,6	," "	," "	,1),
(15	,6	,"Makowiec","Zrobić ciasto. Ugnieść, rozwałkować - zrobić roladę.",2),
(17	,6	,"Masa makowa","Mak opłukać - gotować.\r\nPrzekręcić 2 razy przez maszynkę, włożyć do rondla na stopione masło, dodać cukier, miód, bakalie.\r\n\r\nSmażyć 10-15 minut mieszając. Do wystudzonej masy dodać pianę z białek. ",3),
(18	,6	,"Rolady","Rolady posmarować jajkiem, widelcem poprzekuwać.",4),
(20	,7	,"Kalafior","Kalafior ugotować i schłodzić.\r\n\r\nPodzielić i maczać w cieście następnie smażyć na oleju.",1),
(19	,7	,"Ciasto","Wymieszać i zrobić ciasto.\r\n\r\nŻółty ser nie jest konieczny.",2),
(22	,9	,"Sok","Marchew pokroić i gotować do miękkości z pomarańczem w 1.5l wody. Po ugotowaniu zmiksować.\r\n\r\nOsobno przegotować 2.5l wody z cukrem i kwaskiem.\r\n\r\nWszystko połączyć i wstawić do lodówki.",1),
(24	,10	,"Ciasto kluskowe","Ciasto zagieść, włożyć do lodówki na 30min. Wałkować na 1cm. Piec w gorącym piekarniku 15minut.",1),
(23	,10	,"Ciasto maślane","Ciasto zagieść, włożyć do lodówki na 30min. Wałkować na 1cm. Piec w gorącym piekarniku 15minut.",2),
(25	,10	,"Krem","Zrobić jak budyń, dodać utarte żółtka z jajem i cukrem do gotującej masy. \r\n\r\nOstudzić mieszając w zimnej wodzie.",3),
(29	,14	,"-","Cukier i jaja dobrze utrzeć, następnie dodać mąkę z proszkiem i ciągle ucierać. Na koniec dodać olej.\r\nPieco około 40minut.",1),
(30	,15	,"-","Margarynę, cukier i ser dobrze utrzeć, ułożyć na herbatniki, zalać polewą.",1),
(31	,16	,"-","Wszystkie składniki rozpuścić na wolnym ogniu, nie dopuścić do wrzenia.",1),
(32	,17	,"-","Cukier z margaryna dobrze utrzeć, następnie dodać śmietanę.",1),
(33	,18	,"-","Mąkę i cukier rozpuścić w małej ilości mleka. Resztę mleka zagotować i wszystko połączyć. Po ostygnięciu dodać uprzednio utartą margarynę z cukrem i dobrze utrzeć.",1),
(26	,11	,"-","Mąke zmieszać ze śmietaną, dodać żółtka, sól i proszek.",1),
(27	,12	,"-","Margarynę z cukrem i jajami dobrze utrzeć, następnei dodać ser, wymieszać, na konieć dodać żelatynę umaczana w zimnej wodzie i rozpuszczonej w mleku.\r\n\r\nWstawić sernik do lodówki, następnie zalać galaretką.",1),
(21	,8	,"-","Buraki, marchew i pietruszkę zetrzeć na grubej tarce, a paprykę i czosnek pokroić w drobną kostkę.\r\n\r\nWszystko wymieszać, dodać cukru i soli do smaku. Następnie dodać olej i ocet, wymieszać, włożyć do słoików i gotować 45minut.",1),
(34	,19	,"-","Jaja utrzeć z cukrem, dodać mąkę z proszkiem do pieczenia, dalej ucierać.\r\nNa koniec dodawać stopniowo olej i oranżadę.\r\n\r\nGotowe ciasto podzielić na dwie części. Do jednej dodać kakao, do drugiej dwie łyżki mąki.\r\n\r\nWylewać na tortownicę po dwie łyżki na przemian.",1),
(35	,20	,"Ciasto","Wodę zagotować, dodać margarynę, rozpuścić, dodać mąkę, trochę pogotować mocno mieszając, ostudzić. Następnie dodać jaja, mieszać.\r\n\r\nCiasto podzielic na połowę, na blaszce rozłożyć nierówno ciasto.",1),
(36	,20	,"Masa","Ugotować budyń (użyć o połowę mniej mleka niż w przepisie), rozetrzec masło i stopniowo dodawać ostudzony budyń.",2),
(37	,20	,"-","Upieczone ciasto przełożyć kremem.",3),
(38	,21	,"-","Żółtka z margaryną i cukrem dobrze utrzec, następnie dodać mąkę z proszkiem, na koniec ubite białka.",1),
(39	,22	,"Ciasto","Cukier z żółtkami utrzeć, dodać wodę, olej, mąkę i proszek do pieczenia, utrzeć, dodać na koniec pianę z białek. Podzielic ciasto na dwie części (biała i brązowa).\r\n\r\nPiec w długich foremkach.",1),
(40	,22	,"Masa","Budyń rozetrzec z jajami i wlać na gorące mleko; gotować do zagęstnienia.\r\n\r\nPo ostudzeniu połączyc z masłem.",2),
(41	,22	,"-","Upieczone ciastko podzielić na kromki i przekładać masą, resztą masy posmarować boki i wierzch.\r\n\r\nBabkę polać polewą czekoladową.",3),
(42	,23	,"-","Margarynę z żółtkami i cukrem (3 łyżki) utrzeć, dodać mąke z proszkiem do pieczenia i dobrze ugnieść ciasto. Podzielić je na dwie części - jasną i brązową, następnie włożyć je do lodówki.\r\n\r\nPrzygotować owoce i ubić pianę z białek i cukru (1 szklanka). Na blaszkę nakruszyć białe i brązowe ciasto, na to nałożyć owoce, a następnie pianę.",1),
(43	,24	,"Ciasto","Zagnieść z podanych składników.\r\n\r\nPodzielic na dwie części, zamrozić.",1),
(44	,24	,"Masa","Margarynę z cukrem i żółtkami utrzeć, dodać ser, mąkę, aromat, dobrze utrzeć, dodać ubitą pianę z białek.",2),
(45	,24	,"-","Ciasto poskubać na blaszkę, wylać masę serową, poskubać na nią drugą część ciasta.\r\n\r\nPiec około 40minut.",3),
(46	,25	,"-","Z jaja, cukru, mąki i mleka zagnieść ciasto dodać do niego roztopiony miód i sodę.\r\n\r\nCiasto podzielić na trzy części i upiec.\r\n\r\nNa ostudzone ciasto wlać masę i polać polewać z lukrem.",1),
(47	,26	,"-","Margarynę rozpuścić, wszystkie składniki dobrze utrzeć i dodać margarynę.",1),
(48	,27	,"-","Wszystkie składniki oprócz mąki i jaj rozpuścić na wolnym ogniu, pos ostudzeniu dodać mąkę i żółtka, utrzeć, dodać ubitą pianę z białek.",1),
(49	,28	,"Ciasto","Zagnieść, ostudzić, rozwałkować, lepić jak pierogi, smarować jajem i układać na blaszcze.\r\n\r\nPiec około 25-30minut.",1),
(50	,28	,"Nadzienie","-",2),
(51	,29	,"-","Margarynę, cukier i kakao gotować do rozpuszczenia cukru.\r\n\r\nOstudzić i dodawać po jednym jajku ucierając.",1),
(53	,31	,"-","Wszystkie składniki dobrze utrzeć, podzielić na trzy części, przełożyć marmoladą.",1),
(54	,32	,"-","Żelatynę zalać szklanką wrzącej wody, rozlac do 3 szklanek.\r\n\r\nI wartstwa:\r\n1 szklankę śmietany schłodzić, ubić trzepaczką, dodać 3 łyżki cukru, ubić z 1 porcją żelatyny, wlać do tortownicy i zastudzić.\r\n\r\nII wartswa:\r\n2 jaja rozbić, oddzielić białko od żółtka, ubić białko, dodać 3 łyżki cukru, ubić, dodać kakao i ubić z żółtkami.\r\n\r\nIII wartswa:\r\ntak jak pierwsza. Wszystko zalać galaretką.",1),
(56	,33	,"Masa","Galaretki zrobić w 0.5l wody, wszystko razem zmiksować.",1),
(55	,33	,"-","Ubić żółtka z 3/4 szklanki cukru, dodać 6 łyżek wrzącej wody, następnie ubite białka z 1/4 szklanki cukru.\r\n\r\nUpipeczony biszkopt podzielić na dwie części, przełożyć masą i polać polewać czekoladową.",2),
(57	,34	,"-","Masło włożyć do rondelka i na małym ogniu doprowadzić do wrzenia. W tym czasie ubić całe jaja z cukrem i cukrem waniliowym, następnie dodawać stopniowo mąki z proszkiem do pieczenia. Na koniec dodać aromaty i gorące masło.\r\n\r\nPiec w temperaturze 170 st. C. 35-40minut.",1),
(58	,35	,"-","Kapustę poszatkować, włoszczyznę umyć i zetrzeć na tarce jarzynowej. Wszystko zalać wrzącym Rosołem i gotować pod przykryciem około 10min. Na końcu dodać podsmażoną na maśle cebulę. Mięso wymieszać z fixem do mięsa, dodać jajko i przygotować masę, z której uformować niewielkie okrągłe pulpety. \r\n\r\nNastępnie włożyć je do zupy i gotować na wolnym ogniu około 15min. Gdy zupa jest gotowa zabielić ja zasmażką, dodać równocześnie obrane ze skóry i pokrojone w ćwiartki pomidory oraz przyprawić Delikatem.",1),
(59	,36	,"-","Pokrojoną cebulę lekko podsmażyć na rozgrzanej oliwie, dodać mieloną wołowinę i dalej smażyc intensywnie mieszając, tak aby mięso rozpadło się na drobne cząstki. Następnie zalać mięso Rosołem wołowym, dodając również rozdrobnione uprzednio pomidory wraz z zalewą, ketchum i przyprawy. Całość dusić na wolnym ogniu około 15 minut. Na końcu dodać odsączoną czerwoną fasolę i jeszcze chwilkę gotować lekko mieszając. Tę gestą, pikantną zupę podajemy w małych miseczkach z białym pieczywem.",1),
(60	,37	,"-","Ze składników zrobić ciasto i podzielić na 3 części.\r\n",1),
(61	,37	,"I część","Rozmarować na blaszce i posmarować marmoladą.",2),
(64	,37	,"-","Na marmoladę zetrzeć zamrożoną część ciasta z kakao.\r\n\r\nUbić białka, dodać cukier puder i kisiele. Na to dodać startą białą masę. \r\n\r\nPiec w gorącym piekarniku.",3),
(13	,4	,"-","Na jedno ciasteczko kładziemy dżem, przykrywamy drugim z pary i dajemy lukier na wierch.",1),
(3	,1	,"-","Ciasto wystudzone przekroić i przełożyć kremem.",1),
(62	,37	,"II część","Włożyć do lodówki.",4),
(63	,37	,"III część","Dodać kakao i włożyć do lodówki.",5),
(28	,13	,"-","Białka ubić z cukrem na sztyną pianę, dodać do neij mąkę, żółtka, proszek i zapach, dokładnie ubić na jednolitą masę.",1),
(52	,30	,"-","Margarynę, cukier, ocet i oliwę utrzeć razem, następnie po jednym dodawać jajka i ucierać, dodawać mąkę i mleko stopniowo.\r\n\r\nPodzielić ciasto na dwie połowy. Na jedną nałożyć utarte jabłka i wlać drugą część.\r\n\r\nPiec około godzinę.",1),
(65	,38	,"-","Cebulę obrać, opłukać, drobno pokrajać, usmażyć, dodać mąkę, lekko zarumienić, rozprowadzić zimnym wywarem szybko mieszając trzepaczką, zagotować i gotować około 10 min. na małym ogniu często mieszając. \r\n\r\nSos przetrzeć, połączyć ze śmietaną i musztardą, doprawić do smaku. Sos podawać do potraw mięsnych.",1);



insert into units (id, name, name_plural, name_genitive)
values
(2	,"dl"," "	," "	),
(3	,"l"," "	," "	),
(7	,"g"," "	," "	),
(8	,"dg"," "	," "	),
(9	,"kg"," "	," "	),
(15	,"dkg"," "	," "	),
(16	,"brak"," "	," "	),
(19	,"-"," "	," "	),
(20	,"ml"," "	," "	),
(28	,"dag"," "	," "	),
(26	,"butelka","butelki","butelek"),
(23	,"główka","główki","główek"),
(11	,"kostka","kostki","kostek"),
(18	,"laska","laski","lasek"),
(13	,"paczka","paczki","paczek"),
(25	,"puszka","puszki","puszek"),
(24	,"pęczek","pęczki","pęczków"),
(4	,"szczypta","szczypty","szczypt"),
(22	,"opakowanie","opakowania","opakowań"),
(1	,"szklanka","szklanki","szklanek"),
(10	,"sztuka","sztuki","sztuk"),
(27	,"torebka","torebki","torebek"),
(17	,"ząbek","ząbki","ząbków"),
(5	,"łyżeczka","łyżeczki","łyżeczek"),
(6	,"łyżka","łyżki","łyżek");


insert into  products (id, name, name_plural, name_genitive)
values (1	,"mąka"," "	," "	),
(2	,"cukier"," "	," "	),
(3	,"mleko"," "	," "	),
(4	,"jajko"," "	," "	),
(5	,"olej"," "	," "	),
(6	,"miód"," "	," "	),
(7	,"sód"," "	," "	),
(8	,"cynamon"," "	," "	),
(9	,"mleko"," "	," "	),
(10	,"żółtko"," "	," "	),
(11	,"cukier waniliowy"," "	," "	),
(12	,"mąka ziemniaczana"," "	," "	),
(13	,"proszek do pieczenia"," "	," "	),
(14	,"mleko"," "	," "	),
(15	,"mąka tortowa"," "	," "	),
(16	,"margaryna"," "	," "	),
(17	,"jabłko"," "	," "	),
(18	,"galaretka"," "	," "	),
(19	,"wiórek kokosowy"," "	," "	),
(20	,"masło"," "	," "	),
(21	,"cukier"," "	," "	),
(22	,"kakao"," "	," "	),
(23	,"masło"," "	," "	),
(24	,"cukier puder"," "	," "	),
(25	,"białko"," "	," "	),
(26	,"galaretka owocowa"," "	," "	),
(27	,"herbatniki"," "	," "	),
(28	,"polewa czekoladowa"," "	," "	),
(29	,"mąka"," "	," "	),
(30	,"cukier puder"," "	," "	),
(31	,"cukier"," "	," "	),
(32	,"orzechy włoskie"," "	," "	),
(33	,"drożdże"," "	," "	),
(34	,"olejek migdałowy"," "	," "	),
(35	,"wanilia"," "	," "	),
(36	,"sól"," "	," "	),
(37	,"wanilia"," "	," "	),
(38	,"olejek migdałowy"," "	," "	),
(39	,"tłuszcz"," "	," "	),
(40	,"masa makowa"," "	," "	),
(41	,"masa makowa"," "	," "	),
(42	,"mak"," "	," "	),
(43	,"rodzynki"," "	," "	),
(44	,"orzechy"," "	," "	),
(45	,"piwo"," "	," "	),
(46	,"olej"," "	," "	),
(47	,"żółty ser"," "	," "	),
(48	,"pieprz"," "	," "	),
(49	,"piwo"," "	," "	),
(50	,"kalafior"," "	," "	),
(51	,"żółty ser starty"," "	," "	),
(52	,"buraki"," "	," "	),
(53	,"marchew"," "	," "	),
(54	,"pietruszka"," "	," "	),
(55	,"papryka"," "	," "	),
(56	,"czosnek"," "	," "	),
(57	,"cukier"," "	," "	),
(58	,"ocet"," "	," "	),
(59	,"marchew"," "	," "	),
(60	,"woda"," "	," "	),
(61	,"kwasek cytrynowy"," "	," "	),
(62	,"pomarańcza"," "	," "	),
(63	,"mąka"," "	," "	),
(64	,"jajko"," "	," "	),
(65	,"brak"," "	," "	),
(66	,"woda"," "	," "	),
(67	,"ocet"," "	," "	),
(68	,"żółtko"," "	," "	),
(69	,"wanilia"," "	," "	),
(70	,"mąka ziemniaczana"," "	," "	),
(71	,"cukier puder"," "	," "	),
(72	,"śmietana gęsta"," "	," "	),
(73	,"proszek do pieczenia"," "	," "	),
(74	,"ser biały"," "	," "	),
(75	,"mleko gotowane"," "	," "	),
(76	,"żelatyna"," "	," "	),
(77	,"galaretka"," "	," "	),
(78	,"mąka"," "	," "	),
(79	,"cukier"," "	," "	),
(80	,"zapach"," "	," "	),
(81	,"jajko"," "	," "	),
(82	,"olej"," "	," "	),
(83	,"twaróg"," "	," "	),
(84	,"kakao"," "	," "	),
(85	,"polewa czekoladowa"," "	," "	),
(86	,"herbatniki"," "	," "	),
(87	,"mąka kartoflana"," "	," "	),
(88	,"kakao"," "	," "	),
(89	,"margaryna"," "	," "	),
(90	,"mleko"," "	," "	),
(91	,"śmietana"," "	," "	),
(92	,"mąka pszenna"," "	," "	),
(93	,"oranżada"," "	," "	),
(94	,"woda"," "	," "	),
(95	,"budyń z cukrem"," "	," "	),
(96	,"mąka kartoflana"," "	," "	),
(97	,"mąka pszenna"," "	," "	),
(98	,"woda"," "	," "	),
(99	,"budyń"," "	," "	),
(100	,"masło roślinne"," "	," "	),
(101	,"owoce"," "	," "	),
(102	,"śmietana"," "	," "	),
(103	,"ser"," "	," "	),
(104	,"aromat"," "	," "	),
(105	,"sztuczny miód"," "	," "	),
(106	,"margaryna roztopiona"," "	," "	),
(107	,"soda"," "	," "	),
(108	,"cukier waniliowy"," "	," "	),
(109	,"masło"," "	," "	),
(110	,"olejek"," "	," "	),
(111	,"jajko do smarowania"," "	," "	),
(112	,"cynamon"," "	," "	),
(113	,"jajka duże"," "	," "	),
(114	,"oliwa"," "	," "	),
(117	,"proszek do pieczenia"," "	," "	),
(118	,"masło roślinne"," "	," "	),
(119	,"smaku"," "	," "	),
(120	,"marmolada"," "	," "	),
(121	,"smak roztopiony"," "	," "	),
(122	,"oliwa"," "	," "	),
(123	,"śmietana"," "	," "	),
(124	,"bita śmietana"," "	," "	),
(125	,"galaretka"," "	," "	),
(126	,"mleko"," "	," "	),
(127	,"mąka ziemniaczana"," "	," "	),
(128	,"sok z cytryny"," "	," "	),
(129	,"masło roślinne"," "	," "	),
(130	,"mięso mielone wieprzowo-wołowe"," "	," "	),
(131	,"fix do kotletów mielonych"," "	," "	),
(132	,"rosól z kury"," "	," "	),
(133	,"kapusta włoska"," "	," "	),
(134	,"włoszczyzna"," "	," "	),
(135	,"cebula"," "	," "	),
(136	,"pomidor"," "	," "	),
(137	,"delikat do zup knorr"," "	," "	),
(138	,"zasmażka błyskawiczna knorr"," "	," "	),
(139	,"mięso mielone wołowe"," "	," "	),
(140	,"rosół wołowy"," "	," "	),
(141	,"pomidory bez skóry w zalewie"," "	," "	),
(142	,"ketchup pikantny"," "	," "	),
(143	,"koncentrat pomidorowy"," "	," "	),
(144	,"fasola czerwona konserwowa"," "	," "	),
(145	,"przyprawa chili"," "	," "	),
(146	,"pieprz"," "	," "	),
(147	,"proszek do pieczenia"," "	," "	),
(148	,"cukier waniliowy"," "	," "	),
(149	,"cukier puder"," "	," "	),
(151	,"kisiel"," "	," "	),
(152	,"wywar z kości lub mięsa"," "	," "	);

insert into recipes (id, name, owner_id, number_of_servings, minutes_to_prepare, description)
values (2	,"Biszkopt z wiórkami",1	,1	,0 ,""),
(3	,"Placek z masą kokosową",1	,1	,0  ,  ""),
(4	,"Ciasteczka świąteczne",1	,1	,0	,  ""),
(5	,"Krem orzechowy",1	,1	,0	,""),
(6	,"Makowiec",1	,1	,0	,""),
(7	,"Kalafior w cieście",1	,1	,0	,""),
(8	,"Sałatka z buraków",1	,1	,0	,""),
(9	,"Sok",1	,1	,0	,""),
(10	,"Napoleonki",1	,1	,0	,""),
(11	,"Chrusty",1	,1	,0	,""),
(12	,"Sernik na zimno",1	,1	,0	,""),
(15	,"Chatka Baba-Jagi",1	,1	,0	,""),
(16	,"Polewa czekoladowa",1	,1	,0	,""),
(17	,"Krem do tortu",1	,1	,0	,""),
(18	,"Masa do stefanka",1	,1	,0	,""),
(19	,"Zebra",1	,1	,0	,""),
(20	,"Karpatka",1	,1	,0	,""),
(21	,"Babka piaskowa",1	,1	,0	,""),
(22	,"Babka metrowiec",1	,1	,0	,""),
(23	,"Skubaniec",1	,1	,0	,""),
(24	,"Sernik szarpany",1	,1	,0	,""),
(25	,"Stefanek",1	,1	,0	,""),
(26	,"Murzynek",1	,1	,0	,""),
(27	,"Murzynek II",1	,1	,0	,""),
(28	,"Pieczone pierożki",1	,1	,0	,""),
(29	,"Krem do tortu",1	,1	,0	,""),
(31	,"Ciasto kruche z marmoladą",1	,1	,0	,""),
(32	,"Ptasie mleczko",1	,1	,0	,""),
(33	,"Placek ?",1	,1	,0	,""),
(34	,"Babka ucierana",1	,1	,0	,""),
(35	,"Kapuśniak z pulpetami",1	,6	,50	,""),
(36	,"Zupa pikantna a la chili",1	,6	,60	,""),
(37	,"Plecek (bez nazwy)",1	,1	,0	,""),
(14	,"Biszkopt II",1	,1	,0	,""),
(1	,"Ciasto Agusi",1	,1	,0	,""),
(13	,"Biszkopt I",1	,1	,0	,""),
(30	,"Jabłecznik",1	,1	,0	,""),
(38	,"Sos musztardowy",1	,1	,20	,"");


insert into step_ingredients (id, product_id, unit_id, amount, recipe_step_id) values
(1	,1	,1	,2.0	,1	),
(2	,2	,1	,1.0	,1	),
(3	,3	,1	,1.0	,1	),
(4	,4	,10	,1.0	,1	),
(5	,5	,1	,0.5	,1	),
(6	,6	,6	,2.0	,1	),
(7	,7	,6	,2.0	,1	),
(8	,8	,6	,2.0	,1	),
(10	,3	,1	,2.0	,2	),
(11	,1	,1	,0.5	,2	),
(12	,2	,1	,0.5	,2	),
(13	,10	,10	,1.0	,2	),
(14	,11	,10	,1.0	,2	),
(15	,4	,10	,4.0	,4	),
(16	,2	,1	,1.0	,4	),
(17	,12	,6	,1.5	,4	),
(18	,13	,6	,1.0	,4	),
(19	,14	,3	,0.5	,5	),
(20	,11	,10	,1.0	,5	),
(21	,15	,6	,2.0	,5	),
(22	,12	,6	,2.0	,5	),
(23	,2	,1	,0.5	,5	),
(24	,16	,11	,1.0	,5	),
(25	,17	,9	,1.5	,6	),
(26	,18	,10	,2.0	,6	),
(27	,19	,15	,10.0	,7	),
(28	,20	,15	,10.0	,7	),
(29	,21	,6	,2.0	,7	),
(30	,4	,10	,2.0	,8	),
(31	,10	,10	,2.0	,8	),
(32	,2	,1	,0.75	,8	),
(33	,2	,1	,0.75	,8	),
(34	,22	,5	,1.5	,8	),
(35	,13	,6	,1.0	,8	),
(36	,19	,15	,20.0	,9	),
(37	,3	,1	,2.0	,9	),
(38	,23	,11	,0.5	,9	),
(40	,24	,6	,2.0	,9	),
(41	,25	,10	,2.0	,9	),
(42	,26	,10	,1.0	,9	),
(43	,27	,13	,2.0	,9	),
(44	,28	,10	,1.0	,9	),
(45	,29	,9	,0.5	,10	),
(46	,16	,11	,1.0	,10	),
(47	,10	,10	,5.0	,10	),
(48	,25	,10	,5.0	,12	),
(49	,30	,1	,1.0	,12	),
(50	,31	,15	,50.0	,14	),
(51	,3	,1	,1.0	,14	),
(52	,32	,15	,20.0	,14	),
(53	,23	,11	,1.0	,14	),
(54	,29	,9	,1.0	,15	),
(55	,14	,3	,0.5	,15	),
(56	,33	,15	,5.0	,15	),
(57	,4	,10	,2.0	,15	),
(58	,31	,15	,25.0	,15	),
(61	,36	,16	,0.0	,15	),
(62	,37	,16	,0.0	,15	),
(63	,38	,16	,0.0	,15	),
(64	,39	,15	,12.0	,15	),
(66	,42	,9	,0.5	,17	),
(67	,31	,15	,25.0	,17	),
(68	,20	,15	,5.0	,17	),
(69	,43	,16	,0.0	,17	),
(70	,6	,6	,4.0	,17	),
(71	,44	,16	,0.0	,17	),
(72	,25	,10	,2.0	,17	),
(73	,1	,1	,1.0	,19	),
(76	,4	,10	,1.0	,19	),
(77	,46	,16	,0.0	,19	),
(78	,47	,16	,0.0	,19	),
(79	,36	,16	,0.0	,19	),
(80	,48	,16	,0.0	,19	),
(81	,49	,16	,0.0	,19	),
(82	,50	,10	,1.0	,20	),
(84	,51	,16	,0.0	,19	),
(85	,51	,16	,0.0	,19	),
(86	,52	,9	,3.0	,21	),
(87	,53	,16	,5.0	,21	),
(88	,54	,16	,3.0	,21	),
(89	,55	,16	,2.0	,21	),
(90	,56	,17	,6.0	,21	),
(91	,36	,16	,0.0	,21	),
(92	,57	,16	,0.0	,21	),
(93	,5	,1	,0.5	,21	),
(94	,58	,1	,0.5	,21	),
(95	,59	,10	,0.25	,22	),
(96	,60	,3	,1.5	,22	),
(97	,60	,3	,2.5	,22	),
(98	,2	,1	,2.0	,22	),
(99	,61	,5	,1.0	,22	),
(100	,62	,10	,1.0	,22	),
(101	,20	,15	,30.0	,23	),
(102	,63	,15	,10.0	,23	),
(103	,63	,15	,20.0	,24	),
(104	,64	,16	,1.0	,24	),
(106	,66	,16	,0.0	,24	),
(107	,67	,6	,0.5	,24	),
(108	,14	,3	,0.5	,25	),
(109	,68	,16	,4.0	,25	),
(110	,64	,16	,1.0	,25	),
(111	,31	,15	,9.0	,25	),
(112	,69	,18	,0.5	,25	),
(113	,70	,15	,3.0	,25	),
(114	,71	,15	,3.0	,25	),
(115	,63	,15	,20.0	,26	),
(116	,68	,16	,3.0	,26	),
(117	,72	,6	,4.0	,26	),
(118	,73	,5	,1.0	,26	),
(119	,74	,9	,0.5	,27	),
(120	,75	,1	,0.5	,27	),
(121	,64	,16	,3.0	,27	),
(122	,76	,6	,2.0	,27	),
(123	,16	,11	,0.5	,27	),
(124	,2	,1	,1.0	,27	),
(125	,77	,16	,0.0	,27	),
(126	,64	,16	,5.0	,28	),
(129	,73	,5	,2.0	,28	),
(130	,80	,19	,0.0	,28	),
(131	,2	,1	,1.0	,29	),
(132	,81	,19	,4.0	,29	),
(133	,82	,6	,4.0	,29	),
(134	,73	,5	,1.0	,29	),
(135	,1	,1	,0.75	,29	),
(136	,83	,9	,0.5	,30	),
(137	,23	,11	,1.0	,30	),
(138	,2	,1	,1.0	,30	),
(139	,84	,19	,0.0	,30	),
(140	,85	,19	,0.0	,30	),
(141	,86	,19	,0.0	,30	),
(142	,24	,6	,4.0	,31	),
(143	,87	,6	,1.0	,31	),
(144	,88	,6	,2.0	,31	),
(145	,89	,15	,5.0	,31	),
(146	,90	,6	,2.0	,31	),
(147	,21	,6	,3.0	,32	),
(148	,16	,11	,1.0	,32	),
(149	,91	,20	,200.0	,32	),
(150	,80	,19	,0.0	,32	),
(151	,14	,3	,0.5	,33	),
(152	,12	,6	,1.0	,33	),
(153	,92	,6	,1.0	,33	),
(154	,11	,10	,2.0	,33	),
(155	,16	,11	,1.0	,33	),
(156	,30	,1	,1.25	,33	),
(157	,81	,19	,5.0	,34	),
(158	,2	,1	,1.5	,34	),
(159	,1	,1	,2.0	,34	),
(160	,73	,5	,1.0	,34	),
(161	,5	,1	,1.0	,34	),
(162	,93	,1	,1.0	,34	),
(163	,88	,6	,2.0	,34	),
(164	,1	,1	,1.0	,35	),
(165	,94	,1	,0.5	,35	),
(166	,16	,11	,0.5	,35	),
(167	,81	,19	,4.0	,35	),
(168	,73	,5	,1.0	,35	),
(169	,95	,10	,1.0	,36	),
(170	,14	,3	,0.5	,36	),
(171	,23	,11	,1.0	,36	),
(172	,80	,19	,0.0	,36	),
(173	,81	,19	,7.0	,38	),
(174	,16	,11	,1.0	,38	),
(175	,2	,1	,1.0	,38	),
(176	,96	,1	,1.0	,38	),
(177	,97	,1	,1.0	,38	),
(178	,73	,5	,1.5	,38	),
(179	,31	,15	,26.0	,39	),
(180	,81	,19	,4.0	,39	),
(181	,98	,6	,10.0	,39	),
(182	,82	,6	,10.0	,39	),
(183	,63	,15	,26.0	,39	),
(184	,13	,6	,1.0	,39	),
(185	,14	,3	,0.5	,40	),
(186	,21	,6	,4.0	,40	),
(188	,99	,10	,1.0	,40	),
(189	,81	,19	,2.0	,40	),
(190	,100	,11	,1.5	,40	),
(191	,29	,9	,0.5	,42	),
(192	,81	,19	,4.0	,42	),
(193	,21	,6	,3.0	,42	),
(194	,2	,1	,1.0	,42	),
(195	,88	,6	,1.0	,42	),
(196	,73	,5	,1.0	,42	),
(197	,16	,11	,1.0	,42	),
(198	,101	,19	,0.0	,42	),
(199	,29	,9	,0.5	,43	),
(200	,16	,11	,1.0	,43	),
(201	,73	,5	,2.0	,43	),
(202	,2	,1	,0.5	,43	),
(203	,102	,6	,3.0	,43	),
(204	,81	,19	,5.0	,44	),
(205	,87	,6	,1.5	,44	),
(206	,103	,9	,1.0	,44	),
(207	,2	,1	,1.0	,44	),
(208	,104	,19	,0.0	,44	),
(209	,23	,11	,1.0	,44	),
(210	,81	,19	,1.0	,46	),
(211	,71	,15	,15.0	,46	),
(212	,63	,15	,45.0	,46	),
(213	,90	,6	,2.0	,46	),
(214	,105	,6	,5.0	,46	),
(215	,106	,15	,5.0	,46	),
(216	,107	,5	,1.0	,46	),
(217	,2	,1	,1.5	,47	),
(218	,88	,6	,3.0	,47	),
(219	,3	,1	,0.33	,47	),
(220	,81	,19	,4.0	,47	),
(221	,1	,1	,2.0	,47	),
(222	,73	,5	,1.0	,47	),
(223	,16	,11	,1.0	,47	),
(224	,81	,19	,4.0	,48	),
(225	,2	,1	,1.0	,48	),
(226	,97	,1	,1.0	,48	),
(227	,96	,1	,1.0	,48	),
(228	,73	,5	,1.0	,48	),
(229	,108	,19	,1.0	,48	),
(230	,88	,6	,3.0	,48	),
(231	,90	,6	,1.0	,48	),
(232	,23	,11	,1.0	,48	),
(233	,29	,9	,0.5	,49	),
(234	,21	,6	,3.0	,49	),
(235	,81	,19	,2.0	,49	),
(236	,90	,6	,6.0	,49	),
(237	,109	,6	,4.0	,49	),
(238	,110	,19	,0.0	,49	),
(239	,73	,5	,1.0	,49	),
(240	,111	,19	,1.0	,49	),
(241	,17	,9	,0.5	,50	),
(242	,108	,19	,0.0	,50	),
(243	,21	,6	,3.0	,50	),
(244	,112	,19	,0.0	,50	),
(245	,16	,11	,1.0	,51	),
(246	,21	,6	,5.0	,51	),
(247	,88	,6	,2.0	,51	),
(248	,113	,19	,2.0	,51	),
(249	,16	,11	,0.5	,52	),
(250	,81	,19	,4.0	,52	),
(251	,2	,1	,1.5	,52	),
(252	,1	,1	,3.0	,52	),
(253	,73	,5	,2.0	,52	),
(255	,67	,6	,2.0	,52	),
(256	,80	,19	,0.0	,52	),
(257	,3	,1	,0.75	,52	),
(261	,29	,9	,1.0	,53	),
(262	,117	,10	,0.5	,53	),
(263	,2	,1	,1.5	,53	),
(265	,102	,6	,4.0	,53	),
(266	,16	,11	,1.0	,53	),
(268	,108	,19	,0.0	,53	),
(269	,120	,19	,0.0	,53	),
(270	,121	,6	,1.0	,53	),
(271	,122	,6	,5.0	,52	),
(272	,76	,6	,4.0	,54	),
(273	,123	,1	,2.0	,54	),
(274	,21	,6	,6.0	,54	),
(275	,88	,6	,3.0	,54	),
(276	,81	,19	,2.0	,54	),
(277	,81	,19	,6.0	,55	),
(278	,2	,1	,1.0	,55	),
(279	,1	,1	,1.5	,55	),
(280	,73	,5	,2.0	,55	),
(284	,124	,19	,2.0	,56	),
(285	,125	,19	,2.0	,56	),
(286	,60	,3	,0.5	,56	),
(287	,126	,19	,0.0	,56	),
(288	,81	,19	,5.0	,57	),
(289	,1	,1	,1.0	,57	),
(290	,2	,1	,1.0	,57	),
(292	,127	,1	,0.5	,57	),
(293	,128	,6	,2.0	,57	),
(294	,108	,19	,0.0	,57	),
(295	,73	,5	,1.0	,57	),
(296	,129	,15	,25.0	,57	),
(297	,88	,6	,2.0	,57	),
(298	,130	,15	,30.0	,58	),
(299	,131	,22	,0.5	,58	),
(300	,81	,19	,1.0	,58	),
(301	,132	,11	,4.0	,58	),
(302	,133	,23	,1.0	,58	),
(303	,134	,24	,1.0	,58	),
(304	,135	,10	,3.0	,58	),
(305	,136	,10	,4.0	,58	),
(306	,137	,19	,0.0	,58	),
(307	,109	,6	,1.0	,58	),
(308	,138	,22	,1.0	,58	),
(309	,139	,9	,0.5	,59	),
(310	,140	,11	,1.0	,59	),
(311	,135	,10	,4.0	,59	),
(312	,141	,25	,1.0	,59	),
(313	,142	,26	,0.5	,59	),
(314	,143	,6	,4.0	,59	),
(315	,122	,6	,4.0	,59	),
(316	,144	,25	,2.0	,59	),
(317	,137	,19	,0.0	,59	),
(318	,145	,5	,1.0	,59	),
(319	,146	,19	,0.0	,59	),
(320	,1	,1	,5.0	,60	),
(321	,147	,19	,1.0	,60	),
(322	,148	,27	,1.0	,60	),
(323	,16	,11	,2.0	,60	),
(324	,149	,28	,10.0	,60	),
(325	,4	,10	,8.0	,60	),
(326	,10	,10	,8.0	,60	),
(328	,25	,10	,8.0	,64	),
(329	,71	,15	,40.0	,64	),
(330	,151	,10	,2.0	,64	),
(331	,22	,19	,0.0	,63	),
(333	,1	,1	,1.0	,28	),
(334	,2	,1	,1.0	,28	),
(336	,17	,19	,0.0	,52	),
(337	,152	,20	,350.0	,65	),
(338	,91	,20	,50.0	,65	),
(339	,135	,15	,8.0	,65	),
(340	,39	,15	,4.0	,65	),
(341	,1	,15	,3.0	,65	),
(342	,36	,19	,0.0	,65	),
(343	,2	,19	,0.0	,65	);



